{
  "retriever_config": "clarity_naive_k10",
  "faithfulness": 0.0,
  "answer_relevancy": 0.18852356981141039,
  "context_precision": 0.1,
  "context_recall": 1.0,
  "context_f1": 0.18181818181818182
}