{
  "retriever_config": "rigor_bm25_k8",
  "faithfulness": 0.0,
  "answer_relevancy": 0.743630431331028,
  "context_precision": 0.1875,
  "context_recall": 0.7,
  "context_f1": 0.27247863247863247
}