{
  "retriever_config": "rigor_naive_k8",
  "faithfulness": 0.0,
  "answer_relevancy": 0.7436324022813778,
  "context_precision": 0.25,
  "context_recall": 1.0,
  "context_f1": 0.38222222222222224
}