{
  "retriever_config": "rigor_bm25_k10",
  "faithfulness": 0.0,
  "answer_relevancy": 0.7436357979108444,
  "context_precision": 0.18000000000000002,
  "context_recall": 0.8,
  "context_f1": 0.2659090909090908
}